Páginas principais,Cliques,Impressões,CTR,Posição
https://www.exemplo.ms.gov.br/,1520,48210,3.15%,4.2
https://www.exemplo.ms.gov.br/servicos/emitir-certidao,830,21044,3.94%,5.1
https://www.exemplo.ms.gov.br/noticias/governo-lanca-programa,412,9876,4.17%,6.8
https://www.exemplo.ms.gov.br/fortune-tiger-ganhe-agora,95,30120,0.32%,12.4
https://www.exemplo.ms.gov.br/wp-content/bet365-bonus.html,61,18800,0.32%,15.0
https://www.exemplo.ms.gov.br/?p=viagra-sem-receita,40,12011,0.33%,18.7
https://www.exemplo.ms.gov.br/download/office-crack-ativador,33,9900,0.33%,20.2
https://www.exemplo.ms.gov.br/Porno-Gratis,28,15400,0.18%,22.9
https://www.exemplo.ms.gov.br/alphabet-parceria,12,800,1.50%,9.3
https://www.exemplo.ms.gov.br/agenda/reuniao-sexta,9,310,2.90%,7.7
